{
    "name": "betrayal-simplified",
    "title": "Betrayal at House on the Hill",
    "description": "A custom game system for Betrayal at House on the Hill, simplified for Foundry VTT.",
    "version": "1.0.0",
    "author": "Andrew Grass and ChatGPT",
    "minimumCoreVersion": "10",
    "compatibleCoreVersion": "10",
    "scripts": ["scripts/betrayal.js"],
    "styles": ["styles/betrayal.css"],
    "templates": {
      "actor": "templates/actor-sheet.html"
    },
    "packs": [],
    "esmodules": []
  }
  